quarter_number,total_revenue,perc_qoq
1," $39,421,580.16 ",NULL
2," $32,715,830.34 ",-17.01035269
3," $29,229,896.19 ",-10.65519081
4," $23,346,779.63 ",-20.12705254
