quarter_number,total_revenue,perc_qoq
1,39421580.15929600,NULL
2,32715830.33996200,-17.010352685603
3,29229896.19364900,-10.655190805458
4,23346779.63060600,-20.127052535757
