quarter_number,total_revenue,total_orders
1,39421580.15929600,310
2,32715830.33996200,262
3,29229896.19364900,229
4,23346779.63060600,199
